Emblem_ID,URL_for_Emblem_Details,URL_for_Emblem_Thumbnail,Emblem_Motto,Publication_Date,URL_for_Pictura,Iconclass_Heading_1,Iconclass_Heading_2,Iconclass_Heading_3,Iconclass_Heading_4,Iconclass_Heading_5,Iconclass_Heading_6,Iconclass_Heading_7,From Collection,Published_In,URL_for_Book_Details
E000913,http://emblematica.library.illinois.edu/detail/emblem/E000913,http://emblemimages.library.illinois.edu/emblematapolitic00isel/_access/emblem/E000913.jpg,In pace quae belli sunt.,1617,http://emblemimages.library.illinois.edu/emblematapolitic00isel/_access/pictura/E000913.jpg,"25F23(FOX)(+535) beasts of prey, predatory animals: fox (+ sitting animal)",25F24(BOAR)(+5211) hoofed animals: boar (+ walking animal),25G3 trees,"45A10 symbols, allegories of war; 'Guerra' (Ripa)","45A20 symbols, allegories of peace, 'Pax'; 'Pace' (Ripa)",45A132 preparation for war,54D1(+4) Preparation (+ emblematical representation of concept),,emblematapolitic00isel,http://emblematica.library.illinois.edu/detail/book/emblematapolitic00isel
E003060,http://emblematica.library.illinois.edu/detail/emblem/E003060,http://emblemimages.library.illinois.edu/645803367/_access/emblem/E003060.jpg,Erigit impavidum ruina.,1680,http://emblemimages.library.illinois.edu/645803367/_access/pictura/E003060.jpg,"86(ERIGIT IMPAVIDUM RUINA) proverbs, sayings, etc. (ERIGIT IMPAVIDUM RUINA)","54F12 Luck, Fortune, Lot; 'Fato', 'Fortuna', 'Fortuna aurea', 'Fortuna buona', 'Fortuna pacifica overo clemente', 'Sorte' (Ripa)",46C1442 four-wheeled vehicle drawn by two animals,"45A10 symbols, allegories of war; 'Guerra' (Ripa)","33A12 shaking hands, 'dextrarum junctio'",31D14 adult man,46C13141 horse,,645803367,http://emblematica.library.illinois.edu/detail/book/645803367
E003754,http://emblematica.library.illinois.edu/detail/emblem/E003754,http://emblemimages.library.illinois.edu/635971542/_access/emblem/E003754.jpg,Maii. Hebdomas Prima.,1641,http://emblemimages.library.illinois.edu/635971542/_access/pictura/E003754.jpg,"86(MAII. HEBDOMAS PRIMA) proverbs, sayings, etc. (MAII. HEBDOMAS PRIMA)","92D1916 cupids: 'amores', 'amoretti', 'putti'",41A1911 tent-camp,"47D8(HAMMER) tools, aids, implements ~ crafts and industries: hammer",47C41 gripping (industrial process),"45A10 symbols, allegories of war; 'Guerra' (Ripa)",23I22 May; 'Maggio' (Ripa),,635971542,http://emblematica.library.illinois.edu/detail/book/635971542
E003755,http://emblematica.library.illinois.edu/detail/emblem/E003755,http://emblemimages.library.illinois.edu/635971542/_access/emblem/E003755.jpg,Maii. Hebdomas Secunda.,1641,http://emblemimages.library.illinois.edu/635971542/_access/pictura/E003755.jpg,"86(MAII. HEBDOMAS SECUNDA) proverbs, sayings, etc. (MAII. HEBDOMAS SECUNDA)","92D1916 cupids: 'amores', 'amoretti', 'putti'",46C13187 leading a horse by the reins; rider beside his horse,45C22 armour,45H3 battle,33B10 'Lite' (Ripa),"45A10 symbols, allegories of war; 'Guerra' (Ripa)",,635971542,http://emblematica.library.illinois.edu/detail/book/635971542
E003756,http://emblematica.library.illinois.edu/detail/emblem/E003756,http://emblemimages.library.illinois.edu/635971542/_access/emblem/E003756.jpg,Maii. Hebdomas Tertia.,1641,http://emblemimages.library.illinois.edu/635971542/_access/pictura/E003756.jpg,"86(MAII. HEBDOMAS TERTIA) proverbs, sayings, etc. (MAII. HEBDOMAS TERTIA)","92D1916 cupids: 'amores', 'amoretti', 'putti'",49D5111 compasses,49D511(RULER) drawing-instruments: ruler,45F11 plan of battle,"45A10 symbols, allegories of war; 'Guerra' (Ripa)",33B10 'Lite' (Ripa),,635971542,http://emblematica.library.illinois.edu/detail/book/635971542
E003757,http://emblematica.library.illinois.edu/detail/emblem/E003757,http://emblemimages.library.illinois.edu/635971542/_access/emblem/E003757.jpg,Iunii. Hebdomas Prima.,1641,http://emblemimages.library.illinois.edu/635971542/_access/pictura/E003757.jpg,"86(IUNII. HEBDOMAS PRIMA) proverbs, sayings, etc. (IUNII. HEBDOMAS PRIMA)","92D1916 cupids: 'amores', 'amoretti', 'putti'",45C16(CANNON) firearms: cannon,45C16(RIFLE) firearms: rifle,45C221 helmet,"45A10 symbols, allegories of war; 'Guerra' (Ripa)",45A144 war and technique,,635971542,http://emblematica.library.illinois.edu/detail/book/635971542
E003758,http://emblematica.library.illinois.edu/detail/emblem/E003758,http://emblemimages.library.illinois.edu/635971542/_access/emblem/E003758.jpg,Iunii. Hebdomas Secunda.,1641,http://emblemimages.library.illinois.edu/635971542/_access/pictura/E003758.jpg,"86(IUNII. HEBDOMAS SECUNDA) proverbs, sayings, etc. (IUNII. HEBDOMAS SECUNDA)","92D19164 cupids together with attributes of the arts, sciences, etc.",45C11(SLING) casting weapons: sling,45A144 war and technique,"45A10 symbols, allegories of war; 'Guerra' (Ripa)",23I23 June; 'Giugno' (Ripa),,,635971542,http://emblematica.library.illinois.edu/detail/book/635971542
E003759,http://emblematica.library.illinois.edu/detail/emblem/E003759,http://emblemimages.library.illinois.edu/635971542/_access/emblem/E003759.jpg,Iunii. Hebdomas Tertia.,1641,http://emblemimages.library.illinois.edu/635971542/_access/pictura/E003759.jpg,"86(IUNII. HEBDOMAS TERTIA) proverbs, sayings, etc. (IUNII. HEBDOMAS TERTIA)","92D19164 cupids together with attributes of the arts, sciences, etc.",47G311 mason at work,"48C161 column, pillar ~ architecture","45A10 symbols, allegories of war; 'Guerra' (Ripa)",23I23 June; 'Giugno' (Ripa),,,635971542,http://emblematica.library.illinois.edu/detail/book/635971542
E004235,http://emblematica.library.illinois.edu/detail/emblem/E004235,http://emblemimages.library.illinois.edu/devisesheroiques00parad/_access/emblem/E004235.jpg,"Antè ferit, quàm flamma micet.",1614,http://emblemimages.library.illinois.edu/devisesheroiques00parad/_access/pictura/E004235.jpg,"34B232(+9151) fowl (cock, hen, chicken, etc.) (+ symmetrically placed ornamental animals)",41B111 flint and steel,41B122 spark ~ fire,44B114(DUKE) other sovereign (DUKE),"45A10 symbols, allegories of war; 'Guerra' (Ripa)",48A9845 other ornament derived from animal forms,"46A122(PHILIP THE GOOD [of Bourgogne])3 armorial bearing, heraldry (PHILIP THE GOOD [of Bourgogne]) - device, motto",,devisesheroiques00parad,http://emblematica.library.illinois.edu/detail/book/devisesheroiques00parad
E004292,http://emblematica.library.illinois.edu/detail/emblem/E004292,http://emblemimages.library.illinois.edu/devisesheroiques00parad/_access/emblem/E004292.jpg,Vetrumlibet.,1614,http://emblemimages.library.illinois.edu/devisesheroiques00parad/_access/pictura/E004292.jpg,25G3(OLIVE-TREE)(+1) trees: olive-tree (+ plants used symbolically),"25G3(OLIVE-TREE)(+22) trees: olive-tree (+ branch, stick)",,"45A10 symbols, allegories of war; 'Guerra' (Ripa)","45A20 symbols, allegories of peace, 'Pax'; 'Pace' (Ripa)",45C12(MACE) weapons for striking a blow (MACE),53A11(+4) Choice; 'Elettione' (Ripa) (+ emblematical representation of concept),,devisesheroiques00parad,http://emblematica.library.illinois.edu/detail/book/devisesheroiques00parad
E004357,http://emblematica.library.illinois.edu/detail/emblem/E004357,http://emblemimages.library.illinois.edu/devisesheroiques00parad/_access/emblem/E004357.jpg,Improbitas subigit rectum.,1614,http://emblemimages.library.illinois.edu/devisesheroiques00parad/_access/pictura/E004357.jpg,,"34B232(+51) fowl (cock, hen, chicken, etc.) (+ male animal)",31AA2511 arm raised upward - AA - both arms or hands,"31A2726 trampling, treading, stamping on someone or something","34B232(+949) fowl (cock, hen, chicken, etc.) (+ audible means of communication of animal(s): roaring, crying, singing, barking, mewing, neighing, chirping, etc.)","34B232(+95) fowl (cock, hen, chicken, etc.) (+ animal(s) in motion; positions, expressions of animals)","45A10 symbols, allegories of war; 'Guerra' (Ripa)",,devisesheroiques00parad,http://emblematica.library.illinois.edu/detail/book/devisesheroiques00parad
E004359,http://emblematica.library.illinois.edu/detail/emblem/E004359,http://emblemimages.library.illinois.edu/devisesheroiques00parad/_access/emblem/E004359.jpg,Deparvis grandis acervus erit.,1614,http://emblemimages.library.illinois.edu/devisesheroiques00parad/_access/pictura/E004359.jpg,,"45A10 symbols, allegories of war; 'Guerra' (Ripa)",45F1 council of war,"45C14(LANCE) helved weapons, polearms (for striking, hacking, thrusting): lance","54A7(+4) Strength, Power; 'Fortezza', 'Fortezza d'Animo e di corpo', 'Fortezza del corpo congiunta con la generosità dell'animo', 'Fortezza & valore del corpo congiunto con la prudenza & virtù del animo', 'Forza' (Ripa) (+ emblematical representation of concept)",54DD51(+4) Danger; 'Pericolo' (Ripa) (+ emblematical representation of concept),"86(LA, LE DANGER) proverbs, sayings, etc. (LA, LE DANGER)",,devisesheroiques00parad,http://emblematica.library.illinois.edu/detail/book/devisesheroiques00parad
E004677,http://emblematica.library.illinois.edu/detail/emblem/E004677,http://emblemimages.library.illinois.edu/386577072/_access/emblem/E004677.jpg,Die Kriegs-Bau-Kunst.,1704,http://emblemimages.library.illinois.edu/386577072/_access/pictura/E004677.jpg,"86(DIE KRIEGS-BAU-KUNST) proverbs, sayings, etc. (DIE KRIEGS-BAU-KUNST)","48C10 'Architectura', symbolic representations, allegories and emblems ~ architecture; 'Architettura' (Ripa)","45A10 symbols, allegories of war; 'Guerra' (Ripa)",,,,,,386577072,http://emblematica.library.illinois.edu/detail/book/386577072
E005300,http://emblematica.library.illinois.edu/detail/emblem/E005300,http://emblemimages.library.illinois.edu/645165964/_access/emblem/E005300.jpg,Belli Et Rixarum Faces.,1596,http://emblemimages.library.illinois.edu/645165964/_access/pictura/E005300.jpg,"86(BELLI ET RIXARUM FACES) proverbs, sayings, etc. (BELLI ET RIXARUM FACES)",45F31 mobilization of troops; call to arms,48CC7525 one person playing wind instrument - CC - out of doors,41BB32 torch - BB - torch held upside down,54EE3 Conflict; 'Contrasto' (Ripa),"45A10 symbols, allegories of war; 'Guerra' (Ripa)",,,645165964,http://emblematica.library.illinois.edu/detail/book/645165964
E009358,http://emblematica.library.illinois.edu/detail/emblem/E009358,http://emblemimages.library.illinois.edu/gedanckenmusteru00weig/_access/emblem/E009358.jpg,Rechts oder Lincks.,1700,http://emblemimages.library.illinois.edu/gedanckenmusteru00weig/_access/pictura/E009358.jpg,25I9 landscape with ruins,"45A10 symbols, allegories of war; 'Guerra' (Ripa)",45C22 armour,"480(+0) symbolic representations, allegories and emblems ~ art; 'Arte' (Ripa) (+ variant)",49MM32 book - MM - book open,"86(MARTE ET ARTE) proverbs, sayings, etc. (MARTE ET ARTE)",92B4 (story of) Mars (Ares),,gedanckenmusteru00weig,http://emblematica.library.illinois.edu/detail/book/gedanckenmusteru00weig
E009493,http://emblematica.library.illinois.edu/detail/emblem/E009493,http://emblemimages.library.illinois.edu/gedanckenmusteru00weig/_access/emblem/E009493.jpg,Der forchtsam is / gehe nicht im Krieg.,1700,http://emblemimages.library.illinois.edu/gedanckenmusteru00weig/_access/pictura/E009493.jpg,26C32 storm at sea,"45A10 symbols, allegories of war; 'Guerra' (Ripa)",46C291 shipwreck,"56DD1 Fear, Dread; 'Paura', 'Timidità o Timore', 'Timore' (Ripa)","86(MORS MIRA ET DIRA) proverbs, sayings, etc. (MORS MIRA ET DIRA)",,,,gedanckenmusteru00weig,http://emblematica.library.illinois.edu/detail/book/gedanckenmusteru00weig
E010473,http://emblematica.library.illinois.edu/detail/emblem/E010473,http://emblemimages.library.illinois.edu/645166634/_access/emblem/E010473.jpg,Bella non iniustè movenda.,1628,http://emblemimages.library.illinois.edu/645166634/_access/pictura/E010473.jpg,"86(BELLA NON INIUSTÈ MOVENDA) proverbs, sayings, etc. (BELLA NON INIUSTÈ MOVENDA)","86(CHE NON SI DENNO MUOUERE LE GUERRE IN GIUSTAMENTE) proverbs, sayings, etc. (CHE NON SI DENNO MUOUERE LE GUERRE IN GIUSTAMENTE)",96B661 Venus hands over the armour to Aeneas,"59C2 Justice; 'Forza alla giustitia sottoposta', 'Giustitia', 'Giustitia retta', 'Giustitia rigorosa', 'Impietà e violenza soggetta alla giustitia' (Ripa)","45A10 symbols, allegories of war; 'Guerra' (Ripa)",54F1 Success; 'Evento buono' (Ripa),,,645166634,http://emblematica.library.illinois.edu/detail/book/645166634
E010662,http://emblematica.library.illinois.edu/detail/emblem/E010662,http://emblemimages.library.illinois.edu/659008459/_access/emblem/E010662.jpg,Arte Et Marte.,1700,http://emblemimages.library.illinois.edu/659008459/_access/pictura/E010662.jpg,"86(ARTE ET MARTE) proverbs, sayings, etc. (ARTE ET MARTE)",25I1 city-view in general; 'veduta',61E(HAMBURG) names of cities and villages (HAMBURG),92B4 (story of) Mars (Ares),92B3 (story of) Apollo (Phoebus),44B191 crown (symbol of sovereignty),"31D12(+89) youth, young man, adolescent (+ nude human being)",,659008459,http://emblematica.library.illinois.edu/detail/book/659008459
E010684,http://emblematica.library.illinois.edu/detail/emblem/E010684,http://emblemimages.library.illinois.edu/659008459/_access/emblem/E010684.jpg,Wie du mich haben wilst.,1700,http://emblemimages.library.illinois.edu/659008459/_access/pictura/E010684.jpg,"86(WIE DU MICH HABEN WILST) proverbs, sayings, etc. (WIE DU MICH HABEN WILST)",25I1 city-view in general; 'veduta',61E(BAUTZEN) names of cities and villages (BAUTZEN),45C13(SWORD) hacking and thrusting weapons: sword,"25G3(LAUREL)(+22) trees: laurel (+ branch, stick)","45C14(LANCE) helved weapons, polearms (for striking, hacking, thrusting): lance","25G3(PALM-TREE)(+221) trees: palm-tree (+ sprig, twig)",,659008459,http://emblematica.library.illinois.edu/detail/book/659008459
E010703,http://emblematica.library.illinois.edu/detail/emblem/E010703,http://emblemimages.library.illinois.edu/659008459/_access/emblem/E010703.jpg,Conficere Est Animus.,1700,http://emblemimages.library.illinois.edu/659008459/_access/pictura/E010703.jpg,"86(CONFICERE EST ANIMUS) proverbs, sayings, etc. (CONFICERE EST ANIMUS)",25I1 city-view in general; 'veduta',61E(BAD SEGEBERG) names of cities and villages (BAD SEGEBERG),26A clouds,31A2551(+72) postures and gestures of the hand (+ two persons),45C13(SWORD) hacking and thrusting weapons: sword,"41BB32(+1) torch - BB - torch held upside down (+ kindling a light; lit, burning light, lamp, candle)",,659008459,http://emblematica.library.illinois.edu/detail/book/659008459
E010716,http://emblematica.library.illinois.edu/detail/emblem/E010716,http://emblemimages.library.illinois.edu/659008459/_access/emblem/E010716.jpg,"Ardua Conscendit Super Aethera Virtus,",1700,http://emblemimages.library.illinois.edu/659008459/_access/pictura/E010716.jpg,"86(ARDUA CONSCENDIT SUPER AETHERA VIRTUS,) proverbs, sayings, etc. (ARDUA CONSCENDIT SUPER AETHERA VIRTUS,)",25I1 city-view in general; 'veduta',,"61D(DENMARK) geographical names of countries, regions, mountains, rivers, etc. (DENMARK) (DENMARK)",45H33 hand-to-hand fighting (~ battle),44C11 patriotism,"45A10 symbols, allegories of war; 'Guerra' (Ripa)",,659008459,http://emblematica.library.illinois.edu/detail/book/659008459
E010763,http://emblematica.library.illinois.edu/detail/emblem/E010763,http://emblemimages.library.illinois.edu/659008459/_access/emblem/E010763.jpg,Civile Bellum Perniciosissimum.,1700,http://emblemimages.library.illinois.edu/659008459/_access/pictura/E010763.jpg,"86(CIVILE BELLUM PERNICIOSISSIMUM) proverbs, sayings, etc. (CIVILE BELLUM PERNICIOSISSIMUM)",25I1 city-view in general; 'veduta',61E(FRIBOURG) names of cities and villages (FRIBOURG),45A1411 massacre ~ war,31D112(+9225) child (+ killing),31D17(+917) old woman (+ beseeching),31D16(+917) old man (+ beseeching),,659008459,http://emblematica.library.illinois.edu/detail/book/659008459
E010937,http://emblematica.library.illinois.edu/detail/emblem/E010937,http://emblemimages.library.illinois.edu/659008459/_access/emblem/E010937.jpg,Dum Non Collidamini.,1700,http://emblemimages.library.illinois.edu/659008459/_access/pictura/E010937.jpg,"86(DUM NON COLLIDAMINI) proverbs, sayings, etc. (DUM NON COLLIDAMINI)",25I1 city-view in general; 'veduta',61E(BUARCOS) names of cities and villages (BUARCOS),"41A773 container of ceramics: jar, jug, pot, vase",31A2774 floating (movement in water),"45A10 symbols, allegories of war; 'Guerra' (Ripa)","54BB31 Damage, Disservice; 'Danno' (Ripa)",,659008459,http://emblematica.library.illinois.edu/detail/book/659008459
E010938,http://emblematica.library.illinois.edu/detail/emblem/E010938,http://emblemimages.library.illinois.edu/659008459/_access/emblem/E010938.jpg,In Bello Prudentia Opus.,1700,http://emblemimages.library.illinois.edu/659008459/_access/pictura/E010938.jpg,"86(IN BELLO PRUDENTIA OPUS) proverbs, sayings, etc. (IN BELLO PRUDENTIA OPUS)",41A12 castle,"61F(SCHLOSS BIRKENFELD) names of historical buildings, sites, streets, etc. (SCHLOSS BIRKENFELD)",61E(BIRKENFELD KREIS BIRKENFELD) names of cities and villages (BIRKENFELD KREIS BIRKENFELD),"43C13(+4241) fowling, fowler (+ hunting with falcon, hawk; falconry)",25F33(FALCON)(+51) predatory birds: falcon (+ fighting animals; aggressive relations),25F37(HERON)(+51) shore-birds and wading-birds: heron (+ fighting animals; aggressive relations),,659008459,http://emblematica.library.illinois.edu/detail/book/659008459
E011084,http://emblematica.library.illinois.edu/detail/emblem/E011084,http://emblemimages.library.illinois.edu/659008459/_access/emblem/E011084.jpg,Patribus Respublica Curae Est.,1700,http://emblemimages.library.illinois.edu/659008459/_access/pictura/E011084.jpg,"86(PATRIBUS RESPUBLICA CURAE EST) proverbs, sayings, etc. (PATRIBUS RESPUBLICA CURAE EST)",25I1 city-view in general; 'veduta',61E(ROTENBURG AN DER FULDA) names of cities and villages (ROTENBURG AN DER FULDA),"44B1 ruler, sovereign",25F33(EAGLE) predatory birds: eagle,44B191 crown (symbol of sovereignty),45C13(SWORD) hacking and thrusting weapons: sword,,659008459,http://emblematica.library.illinois.edu/detail/book/659008459
E011120,http://emblematica.library.illinois.edu/detail/emblem/E011120,http://emblemimages.library.illinois.edu/659008459/_access/emblem/E011120.jpg,"Decus, Artem Iungere Marti.",1700,http://emblemimages.library.illinois.edu/659008459/_access/pictura/E011120.jpg,"86(DECUS, ARTEM IUNGERE MARTI) proverbs, sayings, etc. (DECUS, ARTEM IUNGERE MARTI)",25I1 city-view in general; 'veduta',61E(KASSEL) names of cities and villages (KASSEL),92B4 (story of) Mars (Ares),55C2 Giving,45C221 helmet,49M32 book,,659008459,http://emblematica.library.illinois.edu/detail/book/659008459
E011143,http://emblematica.library.illinois.edu/detail/emblem/E011143,http://emblemimages.library.illinois.edu/659008459/_access/emblem/E011143.jpg,"Parva Sunt Arma Foris, Si Non Est Consilium Domi.",1700,http://emblemimages.library.illinois.edu/659008459/_access/pictura/E011143.jpg,"86(PARVA SUNT ARMA FORIS, SI NON EST CONSILIUM DOMI) proverbs, sayings, etc. (PARVA SUNT ARMA FORIS, SI NON EST CONSILIUM DOMI)",25I1 city-view in general; 'veduta',61E(NANCY) names of cities and villages (NANCY),45F34 battle arrays,"46C131 riding a horse, ass, or mule; rider, horseman",41A3 parts (of house or building),"45A10 symbols, allegories of war; 'Guerra' (Ripa)",,659008459,http://emblematica.library.illinois.edu/detail/book/659008459
E011171,http://emblematica.library.illinois.edu/detail/emblem/E011171,http://emblemimages.library.illinois.edu/659008459/_access/emblem/E011171.jpg,Bellum Vel Feris Perniciosum Est.,1700,http://emblemimages.library.illinois.edu/659008459/_access/pictura/E011171.jpg,"86(BELLUM VEL FERIS PERNICIOSUM EST) proverbs, sayings, etc. (BELLUM VEL FERIS PERNICIOSUM EST)","11P3151 abbey, monastery, convent ~ Roman Catholic church",25F25(ELEPHANT) trunked animals: elephant,25F24(RHINOCEROS) hoofed animals: rhinoceros,"54BB31 Damage, Disservice; 'Danno' (Ripa)","54BB11 Misuse, Misemployment",45C10 'Arme' (Ripa),,659008459,http://emblematica.library.illinois.edu/detail/book/659008459
E011662,http://emblematica.library.illinois.edu/detail/emblem/E011662,http://emblemimages.library.illinois.edu/656268778/_access/emblem/E011662.jpg,"Invidiae proles Bellum est ubi regnat iniquum: Selectos satagit flectere Lauor equos, Auriculas falso fermone Calumnia replet, Perturbat mentes Inquietudo malas.",1614,http://emblemimages.library.illinois.edu/656268778/_access/pictura/E011662.jpg,"86(INVIDIAE PROLES BELLUM EST UBI REGNAT INIQUUM: SELECTOS SATAGIT FLECTERE LAUOR EQUOS, AURICULAS FALSO FERMONE CALUMNIA REPLET, PERTURBAT MENTES INQUIETUDO MALAS) proverbs, sayings, etc. (INVIDIAE PROLES BELLUM EST UBI REGNAT INIQUUM: SELECTOS SATAGIT FLECTERE LAUOR EQUOS, AURICULAS FALSO FERMONE CALUMNIA REPLET, PERTURBAT MENTES INQUIETUDO MALAS)","43A421 chariot, triumphal car","57BB25 Calumny, Detraction; 'Biasimo vitioso', 'Calunnia', 'Detrattione', 'Maledicenza' (Ripa)","57AA7 Malevolence, Maliciousness; 'Malevolenza', 'Malignità', 'Malvagità' (Ripa)",11N32 Envy; 'Invidia' (Ripa) ~ personification of one of the Seven Deadly Sins,"45A10 symbols, allegories of war; 'Guerra' (Ripa)","54AA46 Unrest, Restlessness, Inquietude; 'Inquietudine' (Ripa)",,656268778,http://emblematica.library.illinois.edu/detail/book/656268778
E011663,http://emblematica.library.illinois.edu/detail/emblem/E011663,http://emblemimages.library.illinois.edu/656268778/_access/emblem/E011663.jpg,Heu mala quot Bellum comitantur; quanta sequuntur Currum ubi Vindictae flagra Furoris agunt; Perditio certa est: agstur crudelibur armis: Rixae blasphemans Lingua Famèsque comes.,1614,http://emblemimages.library.illinois.edu/656268778/_access/pictura/E011663.jpg,,"43A421 chariot, triumphal car",58AA1 Destruction,11N45 Blasphemy,54EE3 Conflict; 'Contrasto' (Ripa),"56E3 Fury; 'Furore', 'Furore implacabile', 'Furore & Rabbia', 'Furore superbo & Indomito' (Ripa)","45A10 symbols, allegories of war; 'Guerra' (Ripa)",,656268778,http://emblematica.library.illinois.edu/detail/book/656268778
E013761,http://emblematica.library.illinois.edu/detail/emblem/E013761,http://emblemimages.library.illinois.edu/66453631X/_access/emblem/E013761.jpg,Turbata Delectat.,1605,http://emblemimages.library.illinois.edu/66453631X/_access/pictura/E013761.jpg,"86(TURBATA DELECTAT) proverbs, sayings, etc. (TURBATA DELECTAT)","25F24(CAMEL)(+5227) hoofed animals: camel (+ animal trampling, treading, stamping on someone or something)",25H212 brook,"45A10 symbols, allegories of war; 'Guerra' (Ripa)","51DD1 Disorder, Confusion, Derangement, Disorganization, Chaos",,,,66453631X,http://emblematica.library.illinois.edu/detail/book/66453631X
E013989,http://emblematica.library.illinois.edu/detail/emblem/E013989,http://emblemimages.library.illinois.edu/66453631X/_access/emblem/E013989.jpg,Belli Discrimina Ubique.,1605,http://emblemimages.library.illinois.edu/66453631X/_access/pictura/E013989.jpg,"86(BELLI DISCRIMINA UBIQUE) proverbs, sayings, etc. (BELLI DISCRIMINA UBIQUE)",25F63(SEA-EEL)(+51) eels: sea-eel (+ fighting animals; aggressive relations),25F72(OCTOPUS)(+51) molluscs: octopus (+ fighting animals; aggressive relations),"45A10 symbols, allegories of war; 'Guerra' (Ripa)",54DD51 Danger; 'Pericolo' (Ripa),,,,66453631X,http://emblematica.library.illinois.edu/detail/book/66453631X
E015308,http://emblematica.library.illinois.edu/detail/emblem/E015308,http://emblemimages.library.illinois.edu/devisesetembleme00augs/_access/emblem/E015308.jpg,Beydes ist rühmlich.,1695,http://emblemimages.library.illinois.edu/devisesetembleme00augs/_access/pictura/E015308.jpg,"25G3(OLIVE-TREE)(+22) trees: olive-tree (+ branch, stick)",26A clouds,31A2243(+933) lower arm (+ holding something),31A2763(+0) floating in the air (+ variant),"45A10 symbols, allegories of war; 'Guerra' (Ripa)","45A20 symbols, allegories of peace, 'Pax'; 'Pace' (Ripa)",45C13(SWORD) hacking and thrusting weapons: sword,,devisesetembleme00augs,http://emblematica.library.illinois.edu/detail/book/devisesetembleme00augs
E015471,http://emblematica.library.illinois.edu/detail/emblem/E015471,http://emblemimages.library.illinois.edu/devisesetembleme00augs/_access/emblem/E015471.jpg,Friede ernährt.,1695,http://emblemimages.library.illinois.edu/devisesetembleme00augs/_access/pictura/E015471.jpg,"25F23(LION) beasts of prey, predatory animals: lion","25F23(WOLF) beasts of prey, predatory animals: wolf",31D15 adult woman,"44A51(ETRURIA) personifications of countries, nations, states, districts, etc. (ETRURIA)","45A10 symbols, allegories of war; 'Guerra' (Ripa)","45A20 symbols, allegories of peace, 'Pax'; 'Pace' (Ripa)","45A232 peace and prosperity, 'Pax et Abundantia'",,devisesetembleme00augs,http://emblematica.library.illinois.edu/detail/book/devisesetembleme00augs
E015517,http://emblematica.library.illinois.edu/detail/emblem/E015517,http://emblemimages.library.illinois.edu/devisesetembleme00augs/_access/emblem/E015517.jpg,Zum Krieg und Frieden.,1695,http://emblemimages.library.illinois.edu/devisesetembleme00augs/_access/pictura/E015517.jpg,25F33(EAGLE)(+5245) predatory birds: eagle (+ animal(s) holding something),25F33(EAGLE)(+526) predatory birds: eagle (+ animal(s) moving in the air),"25G3(OLIVE-TREE)(+22) trees: olive-tree (+ branch, stick)","26E2 lightning, flash of lightning, thunderbolt","44B1 ruler, sovereign","45A10 symbols, allegories of war; 'Guerra' (Ripa)","45A20 symbols, allegories of peace, 'Pax'; 'Pace' (Ripa)",,devisesetembleme00augs,http://emblematica.library.illinois.edu/detail/book/devisesetembleme00augs
E015729,http://emblematica.library.illinois.edu/detail/emblem/E015729,http://emblemimages.library.illinois.edu/devisesetembleme00augs/_access/emblem/E015729.jpg,Ich liebe das Trübe.,1695,http://emblemimages.library.illinois.edu/devisesetembleme00augs/_access/pictura/E015729.jpg,21D water (one of the four elements),"25F24(CAMEL)(+5227) hoofed animals: camel (+ animal trampling, treading, stamping on someone or something)",25H113 (high) hill,25H212 brook,"44F revolution, revolt","45A10 symbols, allegories of war; 'Guerra' (Ripa)","51DD1(+4) Disorder, Confusion, Derangement, Disorganization, Chaos (+ emblematical representation of concept)",,devisesetembleme00augs,http://emblematica.library.illinois.edu/detail/book/devisesetembleme00augs
E015751,http://emblematica.library.illinois.edu/detail/emblem/E015751,http://emblemimages.library.illinois.edu/devisesetembleme00augs/_access/emblem/E015751.jpg,Welches unter beyden man verlanget.,1695,http://emblemimages.library.illinois.edu/devisesetembleme00augs/_access/pictura/E015751.jpg,"25G3(OLIVE-TREE)(+22) trees: olive-tree (+ branch, stick)","25H1124 boulder, stone","45A10 symbols, allegories of war; 'Guerra' (Ripa)","45A20 symbols, allegories of peace, 'Pax'; 'Pace' (Ripa)",45C12(CLUB) weapons for striking a blow: club,53A11(+4) Choice; 'Elettione' (Ripa) (+ emblematical representation of concept),"86(UTRUM LIBET) proverbs, sayings, etc. (UTRUM LIBET)",,devisesetembleme00augs,http://emblematica.library.illinois.edu/detail/book/devisesetembleme00augs
E015879,http://emblematica.library.illinois.edu/detail/emblem/E015879,http://emblemimages.library.illinois.edu/devisesetembleme00augs/_access/emblem/E015879.jpg,Der Lohn deß Krieges.,1695,http://emblemimages.library.illinois.edu/devisesetembleme00augs/_access/pictura/E015879.jpg,"25F23(LION)(+63) beasts of prey, predatory animals: lion (+ dying animal; death of animal; dead animal)",25F711(FLY)(+45) insects: fly (+ animals eating and drinking),25F711(FLY)(+5262) insects: fly (+ flying animal(s)),"45A10 symbols, allegories of war; 'Guerra' (Ripa)","45A20 symbols, allegories of peace, 'Pax'; 'Pace' (Ripa)","86(MERCES BELLI) proverbs, sayings, etc. (MERCES BELLI)",,,devisesetembleme00augs,http://emblematica.library.illinois.edu/detail/book/devisesetembleme00augs
E016019,http://emblematica.library.illinois.edu/detail/emblem/E016019,http://emblemimages.library.illinois.edu/devisesetembleme00lafeu/_access/emblem/E016019.jpg,Beydes ist rühmlich.,1695,http://emblemimages.library.illinois.edu/devisesetembleme00lafeu/_access/pictura/E016019.jpg,"25G3(OLIVE-TREE)(+22) trees: olive-tree (+ branch, stick)",26A clouds,31A2243(+933) lower arm (+ holding something),31A2763(+0) floating in the air (+ variant),"45A10 symbols, allegories of war; 'Guerra' (Ripa)","45A20 symbols, allegories of peace, 'Pax'; 'Pace' (Ripa)",45C13(SWORD) hacking and thrusting weapons: sword,,devisesetembleme00lafeu,http://emblematica.library.illinois.edu/detail/book/devisesetembleme00lafeu
E016182,http://emblematica.library.illinois.edu/detail/emblem/E016182,http://emblemimages.library.illinois.edu/devisesetembleme00lafeu/_access/emblem/E016182.jpg,Friede ernährt.,1695,http://emblemimages.library.illinois.edu/devisesetembleme00lafeu/_access/pictura/E016182.jpg,"25F23(LION) beasts of prey, predatory animals: lion","25F23(WOLF) beasts of prey, predatory animals: wolf",31D15 adult woman,"44A51(ETRURIA) personifications of countries, nations, states, districts, etc. (ETRURIA)","45A10 symbols, allegories of war; 'Guerra' (Ripa)","45A20 symbols, allegories of peace, 'Pax'; 'Pace' (Ripa)","45A232 peace and prosperity, 'Pax et Abundantia'",,devisesetembleme00lafeu,http://emblematica.library.illinois.edu/detail/book/devisesetembleme00lafeu
E016228,http://emblematica.library.illinois.edu/detail/emblem/E016228,http://emblemimages.library.illinois.edu/devisesetembleme00lafeu/_access/emblem/E016228.jpg,Zum Krieg und Frieden.,1695,http://emblemimages.library.illinois.edu/devisesetembleme00lafeu/_access/pictura/E016228.jpg,25F33(EAGLE)(+5245) predatory birds: eagle (+ animal(s) holding something),25F33(EAGLE)(+526) predatory birds: eagle (+ animal(s) moving in the air),"25G3(OLIVE-TREE)(+22) trees: olive-tree (+ branch, stick)","26E2 lightning, flash of lightning, thunderbolt","44B1 ruler, sovereign","45A10 symbols, allegories of war; 'Guerra' (Ripa)","45A20 symbols, allegories of peace, 'Pax'; 'Pace' (Ripa)",,devisesetembleme00lafeu,http://emblematica.library.illinois.edu/detail/book/devisesetembleme00lafeu
E016440,http://emblematica.library.illinois.edu/detail/emblem/E016440,http://emblemimages.library.illinois.edu/devisesetembleme00lafeu/_access/emblem/E016440.jpg,Ich liebe das Trübe.,1695,http://emblemimages.library.illinois.edu/devisesetembleme00lafeu/_access/pictura/E016440.jpg,21D water (one of the four elements),"25F24(CAMEL)(+5227) hoofed animals: camel (+ animal trampling, treading, stamping on someone or something)",25H113 (high) hill,25H212 brook,"44F revolution, revolt","45A10 symbols, allegories of war; 'Guerra' (Ripa)","51DD1(+4) Disorder, Confusion, Derangement, Disorganization, Chaos (+ emblematical representation of concept)",,devisesetembleme00lafeu,http://emblematica.library.illinois.edu/detail/book/devisesetembleme00lafeu
E016462,http://emblematica.library.illinois.edu/detail/emblem/E016462,http://emblemimages.library.illinois.edu/devisesetembleme00lafeu/_access/emblem/E016462.jpg,Welches unter beyden man verlanget.,1695,http://emblemimages.library.illinois.edu/devisesetembleme00lafeu/_access/pictura/E016462.jpg,"25G3(OLIVE-TREE)(+22) trees: olive-tree (+ branch, stick)","25H1124 boulder, stone","45A10 symbols, allegories of war; 'Guerra' (Ripa)","45A20 symbols, allegories of peace, 'Pax'; 'Pace' (Ripa)",45C12(CLUB) weapons for striking a blow: club,53A11(+4) Choice; 'Elettione' (Ripa) (+ emblematical representation of concept),"86(UTRUM LIBET) proverbs, sayings, etc. (UTRUM LIBET)",,devisesetembleme00lafeu,http://emblematica.library.illinois.edu/detail/book/devisesetembleme00lafeu
E016590,http://emblematica.library.illinois.edu/detail/emblem/E016590,http://emblemimages.library.illinois.edu/devisesetembleme00lafeu/_access/emblem/E016590.jpg,Der Lohn deß Krieges.,1695,http://emblemimages.library.illinois.edu/devisesetembleme00lafeu/_access/pictura/E016590.jpg,"25F23(LION)(+63) beasts of prey, predatory animals: lion (+ dying animal; death of animal; dead animal)",25F711(FLY)(+45) insects: fly (+ animals eating and drinking),25F711(FLY)(+5262) insects: fly (+ flying animal(s)),"45A10 symbols, allegories of war; 'Guerra' (Ripa)","45A20 symbols, allegories of peace, 'Pax'; 'Pace' (Ripa)","86(MERCES BELLI) proverbs, sayings, etc. (MERCES BELLI)",,,devisesetembleme00lafeu,http://emblematica.library.illinois.edu/detail/book/devisesetembleme00lafeu
E017068,http://emblematica.library.illinois.edu/detail/emblem/E017068,http://emblemimages.library.illinois.edu/379348608/_access/emblem/E017068.jpg,Aetas Ferrea.,1685,http://emblemimages.library.illinois.edu/379348608/_access/pictura/E017068.jpg,"86(AETAS FERREA) proverbs, sayings, etc. (AETAS FERREA)","86(DAS EISERNE ALTER. ODER: DIE EISERNE EHRNE ZEIT) proverbs, sayings, etc. (DAS EISERNE ALTER. ODER: DIE EISERNE EHRNE ZEIT)","91E24 the iron age, 'Aetas ferrea'; characterized by Mars, war and rapine",11NN34 Covetousness; 'Avaritia' (Ripa) ~ personification of one of the Seven Deadly Sins - NN - triumph,"11N1 Vice, Evil, Sin; 'Peccato' (Ripa)","45A10 symbols, allegories of war; 'Guerra' (Ripa)",,,379348608,http://emblematica.library.illinois.edu/detail/book/379348608
E017374,http://emblematica.library.illinois.edu/detail/emblem/E017374,http://emblemimages.library.illinois.edu/561163812/_access/emblem/E017374.jpg,Promptius Extrahitur Quam Immittitur.,1666,http://emblemimages.library.illinois.edu/561163812/_access/pictura/E017374.jpg,"86(PROMPTIUS EXTRAHITUR QUAM IMMITTITUR) proverbs, sayings, etc. (PROMPTIUS EXTRAHITUR QUAM IMMITTITUR)","86(DIFICILE À RENGANNIER) proverbs, sayings, etc. (DIFICILE À RENGANNIER)","86(EHER KRIEG ALS FRIEDE) proverbs, sayings, etc. (EHER KRIEG ALS FRIEDE)",25H114 low hill country,25I1 city-view in general; 'veduta',45C13(SWORD) hacking and thrusting weapons: sword,"45A10 symbols, allegories of war; 'Guerra' (Ripa)",,561163812,http://emblematica.library.illinois.edu/detail/book/561163812
E020539,http://emblematica.library.illinois.edu/detail/emblem/E020539,http://emblemimages.library.illinois.edu/royalpoliticianr02saa/_access/emblem/E020539.jpg,Merces belli,1700,http://emblemimages.library.illinois.edu/royalpoliticianr02saa/_access/pictura/E020539.jpg,"25F23(LION)(+63) beasts of prey, predatory animals: lion (+ dying animal; death of animal; dead animal)",25F711(FLY)(+45) insects: fly (+ animals eating and drinking),25F711(FLY)(+5262) insects: fly (+ flying animal(s)),"45A10 symbols, allegories of war; 'Guerra' (Ripa)","45A20 symbols, allegories of peace, 'Pax'; 'Pace' (Ripa)","86(MERCES BELLI) proverbs, sayings, etc. (MERCES BELLI)",,,royalpoliticianr02saa,http://emblematica.library.illinois.edu/detail/book/royalpoliticianr02saa
E020619,http://emblematica.library.illinois.edu/detail/emblem/E020619,http://emblemimages.library.illinois.edu/nucleusemblematu00rolle/_access/emblem/E020619.jpg,Ex bello pax,1611,http://emblemimages.library.illinois.edu/nucleusemblematu00rolle/_access/pictura/E020619.jpg,25F38(OSTRICH)(+352) walker and runner birds: ostrich (+ feathers),25F711(BEE)(+5262) insects: bee (+ flying animal(s)),25H114 low hill country,25I3 farm or solitary house in landscape,"45A10 symbols, allegories of war; 'Guerra' (Ripa)","45A20 symbols, allegories of peace, 'Pax'; 'Pace' (Ripa)",45A231 blessings of peace,,nucleusemblematu00rolle,http://emblematica.library.illinois.edu/detail/book/nucleusemblematu00rolle
E021864,http://emblematica.library.illinois.edu/detail/emblem/E021864,http://emblemimages.library.illinois.edu/emblematasivesym00veen/_access/emblem/E021864.jpg,Potior Pax mille triumphis.,1624,http://emblemimages.library.illinois.edu/emblematasivesym00veen/_access/pictura/E021864.jpg,"25G3(OLIVE-TREE)(+22) trees: olive-tree (+ branch, stick)","25G3(PALM-TREE)(+22) trees: palm-tree (+ branch, stick)","45A10 symbols, allegories of war; 'Guerra' (Ripa)","45A20 symbols, allegories of peace, 'Pax'; 'Pace' (Ripa)","45A232(+0) peace and prosperity, 'Pax et Abundantia' (+ variant)","86(POTIOR PAX MILLE TRIUMPHIS) proverbs, sayings, etc. (POTIOR PAX MILLE TRIUMPHIS)",,,emblematasivesym00veen,http://emblematica.library.illinois.edu/detail/book/emblematasivesym00veen
E021876,http://emblematica.library.illinois.edu/detail/emblem/E021876,http://emblemimages.library.illinois.edu/emblematasivesym00veen/_access/emblem/E021876.jpg,Vis imperio secura benigno.,1624,http://emblemimages.library.illinois.edu/emblematasivesym00veen/_access/pictura/E021876.jpg,"25F23(LION)(+1) beasts of prey, predatory animals: lion (+ animals used symbolically)","25G3(OLIVE-TREE)(+22) trees: olive-tree (+ branch, stick)","44B192 sceptre, staff (symbol of sovereignty)","45A10 symbols, allegories of war; 'Guerra' (Ripa)",52B41 Certainty,"53C11 Authority, Power; 'Dominio', 'Giurisdittione' (Ripa)","57A77 Friendliness, Gentleness, Affability; 'Affabilità, piacevolezza, amabilità', 'Animo piacevole, trattabile & amorevole', 'Benignità' (Ripa)",,emblematasivesym00veen,http://emblematica.library.illinois.edu/detail/book/emblematasivesym00veen
E021977,http://emblematica.library.illinois.edu/detail/emblem/E021977,http://emblemimages.library.illinois.edu/emblematasivesym00veen/_access/emblem/E021977.jpg,Certamen fecistis opes.,1624,http://emblemimages.library.illinois.edu/emblematasivesym00veen/_access/pictura/E021977.jpg,"41D267 purse, money-bag","45A10 symbols, allegories of war; 'Guerra' (Ripa)",45C13(SWORD) hacking and thrusting weapons: sword,46B31 money,51C1 Cause,"55B1 Wealth, Opulence; 'Opulenza', 'Richezza' (Ripa)","55CC11 Greed, Covetousness, Cupidity; 'Cupidità' (Ripa)",,emblematasivesym00veen,http://emblematica.library.illinois.edu/detail/book/emblematasivesym00veen
E025300,http://emblematica.library.illinois.edu/detail/emblem/E025300,http://emblemimages.library.illinois.edu/huygens.knaw.nl_3Aemitx_3Ael1703/_access/emblem/E025300.jpg,DE LIEFDE IS EEN OORLOG.,1703,http://emblemimages.library.illinois.edu/huygens.knaw.nl_3Aemitx_3Ael1703/_access/pictura/E025300.jpg,31A2352 sitting on an elevation,31A2512(+932) arm stretched forward (+ addressing),31A2512(+933) arm stretched forward (+ holding something),31AA233 kneeling figure - AA - female human figure,"31D12 youth, young man, adolescent","41A7212 armchair, seat",41A7221 cushion,,huygens.knaw.nl_3Aemitx_3Ael1703,http://emblematica.library.illinois.edu/detail/book/huygens.knaw.nl_3Aemitx_3Ael1703
E025335,http://emblematica.library.illinois.edu/detail/emblem/E025335,http://emblemimages.library.illinois.edu/huygens.knaw.nl_3Aemitx_3Af1691/_access/emblem/E025335.jpg,,1691,http://emblemimages.library.illinois.edu/huygens.knaw.nl_3Aemitx_3Af1691/_access/pictura/E025335.jpg,"25G3(OLIVE-TREE)(+22) trees: olive-tree (+ branch, stick)",26A clouds,31A2243(+933) lower arm (+ holding something),31A2763(+0) floating in the air (+ variant),"45A10 symbols, allegories of war; 'Guerra' (Ripa)","45A20 symbols, allegories of peace, 'Pax'; 'Pace' (Ripa)",45C13(SWORD) hacking and thrusting weapons: sword,,huygens.knaw.nl_3Aemitx_3Af1691,http://emblematica.library.illinois.edu/detail/book/huygens.knaw.nl_3Aemitx_3Af1691
E025498,http://emblematica.library.illinois.edu/detail/emblem/E025498,http://emblemimages.library.illinois.edu/huygens.knaw.nl_3Aemitx_3Af1691/_access/emblem/E025498.jpg,,1691,http://emblemimages.library.illinois.edu/huygens.knaw.nl_3Aemitx_3Af1691/_access/pictura/E025498.jpg,"25F23(LION) beasts of prey, predatory animals: lion","25F23(WOLF) beasts of prey, predatory animals: wolf",31D15 adult woman,"44A51(ETRURIA) personifications of countries, nations, states, districts, etc. (ETRURIA)","45A10 symbols, allegories of war; 'Guerra' (Ripa)","45A20 symbols, allegories of peace, 'Pax'; 'Pace' (Ripa)","45A232 peace and prosperity, 'Pax et Abundantia'",,huygens.knaw.nl_3Aemitx_3Af1691,http://emblematica.library.illinois.edu/detail/book/huygens.knaw.nl_3Aemitx_3Af1691
E025544,http://emblematica.library.illinois.edu/detail/emblem/E025544,http://emblemimages.library.illinois.edu/huygens.knaw.nl_3Aemitx_3Af1691/_access/emblem/E025544.jpg,,1691,http://emblemimages.library.illinois.edu/huygens.knaw.nl_3Aemitx_3Af1691/_access/pictura/E025544.jpg,25F33(EAGLE)(+5245) predatory birds: eagle (+ animal(s) holding something),25F33(EAGLE)(+526) predatory birds: eagle (+ animal(s) moving in the air),"25G3(OLIVE-TREE)(+22) trees: olive-tree (+ branch, stick)","26E2 lightning, flash of lightning, thunderbolt","44B1 ruler, sovereign","45A10 symbols, allegories of war; 'Guerra' (Ripa)","45A20 symbols, allegories of peace, 'Pax'; 'Pace' (Ripa)",,huygens.knaw.nl_3Aemitx_3Af1691,http://emblematica.library.illinois.edu/detail/book/huygens.knaw.nl_3Aemitx_3Af1691
E025756,http://emblematica.library.illinois.edu/detail/emblem/E025756,http://emblemimages.library.illinois.edu/huygens.knaw.nl_3Aemitx_3Af1691/_access/emblem/E025756.jpg,,1691,http://emblemimages.library.illinois.edu/huygens.knaw.nl_3Aemitx_3Af1691/_access/pictura/E025756.jpg,21D water (one of the four elements),"25F24(CAMEL)(+5227) hoofed animals: camel (+ animal trampling, treading, stamping on someone or something)",25H113 (high) hill,25H212 brook,"44F revolution, revolt","45A10 symbols, allegories of war; 'Guerra' (Ripa)","51DD1(+4) Disorder, Confusion, Derangement, Disorganization, Chaos (+ emblematical representation of concept)",,huygens.knaw.nl_3Aemitx_3Af1691,http://emblematica.library.illinois.edu/detail/book/huygens.knaw.nl_3Aemitx_3Af1691
E025778,http://emblematica.library.illinois.edu/detail/emblem/E025778,http://emblemimages.library.illinois.edu/huygens.knaw.nl_3Aemitx_3Af1691/_access/emblem/E025778.jpg,,1691,http://emblemimages.library.illinois.edu/huygens.knaw.nl_3Aemitx_3Af1691/_access/pictura/E025778.jpg,"25G3(OLIVE-TREE)(+22) trees: olive-tree (+ branch, stick)","25H1124 boulder, stone","45A10 symbols, allegories of war; 'Guerra' (Ripa)","45A20 symbols, allegories of peace, 'Pax'; 'Pace' (Ripa)",45C12(CLUB) weapons for striking a blow: club,53A11(+4) Choice; 'Elettione' (Ripa) (+ emblematical representation of concept),"86(UTRUM LIBET) proverbs, sayings, etc. (UTRUM LIBET)",,huygens.knaw.nl_3Aemitx_3Af1691,http://emblematica.library.illinois.edu/detail/book/huygens.knaw.nl_3Aemitx_3Af1691
E025906,http://emblematica.library.illinois.edu/detail/emblem/E025906,http://emblemimages.library.illinois.edu/huygens.knaw.nl_3Aemitx_3Af1691/_access/emblem/E025906.jpg,,1691,http://emblemimages.library.illinois.edu/huygens.knaw.nl_3Aemitx_3Af1691/_access/pictura/E025906.jpg,"25F23(LION)(+63) beasts of prey, predatory animals: lion (+ dying animal; death of animal; dead animal)",25F711(FLY)(+45) insects: fly (+ animals eating and drinking),25F711(FLY)(+5262) insects: fly (+ flying animal(s)),"45A10 symbols, allegories of war; 'Guerra' (Ripa)","45A20 symbols, allegories of peace, 'Pax'; 'Pace' (Ripa)","86(MERCES BELLI) proverbs, sayings, etc. (MERCES BELLI)",,,huygens.knaw.nl_3Aemitx_3Af1691,http://emblematica.library.illinois.edu/detail/book/huygens.knaw.nl_3Aemitx_3Af1691
E027099,http://emblematica.library.illinois.edu/detail/emblem/E027099,http://emblemimages.library.illinois.edu/FANa/_access/emblem/E027099.jpg,GREEK,1552,http://emblemimages.library.illinois.edu/FANa/_access/pictura/E027099.jpg,"25F23(BEAR) beasts of prey, predatory animals: bear","25F23(FOX) beasts of prey, predatory animals: fox","25F23(LION) beasts of prey, predatory animals: lion","25F23(WOLF) beasts of prey, predatory animals: wolf",25F33(EAGLE) predatory birds: eagle,25H11 mountains,45A1 war,,FANa,http://emblematica.library.illinois.edu/detail/book/FANa
E027200,http://emblematica.library.illinois.edu/detail/emblem/E027200,http://emblemimages.library.illinois.edu/FANb/_access/emblem/E027200.jpg,LES DEUX BASTONS DE GUERRE.,1552,http://emblemimages.library.illinois.edu/FANb/_access/pictura/E027200.jpg,"11N1 Vice, Evil, Sin; 'Peccato' (Ripa)","25F23(BEAR) beasts of prey, predatory animals: bear","25F23(FOX) beasts of prey, predatory animals: fox","25F23(LION) beasts of prey, predatory animals: lion","25F23(WOLF) beasts of prey, predatory animals: wolf",25F33(EAGLE) predatory birds: eagle,25H11 mountains,,FANb,http://emblematica.library.illinois.edu/detail/book/FANb
E029184,http://emblematica.library.illinois.edu/detail/emblem/E029184,http://emblemimages.library.illinois.edu/A15a/_access/emblem/E029184.jpg,PAX,1615,http://emblemimages.library.illinois.edu/A15a/_access/pictura/E029184.jpg,23S14 Rome (one of the four world empires),"25F25(ELEPHANT)(+81) trunked animals: elephant (+ animals used as cattle, livestock)",31A2352 sitting on an elevation,31A244 head bent forward; bowing,31A247 looking over the shoulder,31A2512(+933) arm stretched forward (+ holding something),31A2513(+933) arm stretched sidewards (+ holding something),,A15a,http://emblematica.library.illinois.edu/detail/book/A15a
E029185,http://emblematica.library.illinois.edu/detail/emblem/E029185,http://emblemimages.library.illinois.edu/A15a/_access/emblem/E029185.jpg,EX BELLO PAX.,1615,http://emblemimages.library.illinois.edu/A15a/_access/pictura/E029185.jpg,"25F711(BEE)(+53) insects: bee (+ postures, positions of animal(s))",25G13 groups of plants (herbs),25H113 (high) hill,31A22611 blood,45A1 war,"45A10 symbols, allegories of war; 'Guerra' (Ripa)",45A2 peace,,A15a,http://emblematica.library.illinois.edu/detail/book/A15a
E029396,http://emblematica.library.illinois.edu/detail/emblem/E029396,http://emblemimages.library.illinois.edu/A21a/_access/emblem/E029396.jpg,Pax.,1621,http://emblemimages.library.illinois.edu/A21a/_access/pictura/E029396.jpg,23S14 Rome (one of the four world empires),"25F(+5227) animals (+ animal trampling, treading, stamping on someone or something)","25F25(ELEPHANT)(+81) trunked animals: elephant (+ animals used as cattle, livestock)",25H114 low hill country,26A clouds,31A2513(+933) arm stretched sidewards (+ holding something),31D14 adult man,,A21a,http://emblematica.library.illinois.edu/detail/book/A21a
E029397,http://emblematica.library.illinois.edu/detail/emblem/E029397,http://emblemimages.library.illinois.edu/A21a/_access/emblem/E029397.jpg,Ex bello pax.,1621,http://emblemimages.library.illinois.edu/A21a/_access/pictura/E029397.jpg,"25F711(BEE)(+53) insects: bee (+ postures, positions of animal(s))",31A22611 blood,45A1 war,"45A10 symbols, allegories of war; 'Guerra' (Ripa)",45A2 peace,"45A20 symbols, allegories of peace, 'Pax'; 'Pace' (Ripa)",45A231 blessings of peace,,A21a,http://emblematica.library.illinois.edu/detail/book/A21a
E029477,http://emblematica.library.illinois.edu/detail/emblem/E029477,http://emblemimages.library.illinois.edu/A31a/_access/emblem/E029477.jpg,EX BELLO PAX.,1531,http://emblemimages.library.illinois.edu/A31a/_access/pictura/E029477.jpg,"25F711(BEE)(+53) insects: bee (+ postures, positions of animal(s))",31A22611 blood,45A1 war,"45A10 symbols, allegories of war; 'Guerra' (Ripa)",45A2 peace,"45A20 symbols, allegories of peace, 'Pax'; 'Pace' (Ripa)",45A231 blessings of peace,,A31a,http://emblematica.library.illinois.edu/detail/book/A31a
E029510,http://emblematica.library.illinois.edu/detail/emblem/E029510,http://emblemimages.library.illinois.edu/A31a/_access/emblem/E029510.jpg,PAX.,1531,http://emblemimages.library.illinois.edu/A31a/_access/pictura/E029510.jpg,"11A Deity, God (in general) ~ Christian religion",23S14 Rome (one of the four world empires),"25F25(ELEPHANT)(+81) trunked animals: elephant (+ animals used as cattle, livestock)",41B32 torch,43A festivities,"43A(+21) festivities (+ decorated float, wagon ~ festive activities)","45A10 symbols, allegories of war; 'Guerra' (Ripa)",,A31a,http://emblematica.library.illinois.edu/detail/book/A31a
E029581,http://emblematica.library.illinois.edu/detail/emblem/E029581,http://emblemimages.library.illinois.edu/A31b/_access/emblem/E029581.jpg,EX BELLO PAX.,1531,http://emblemimages.library.illinois.edu/A31b/_access/pictura/E029581.jpg,"25F711(BEE)(+53) insects: bee (+ postures, positions of animal(s))",31A22611 blood,45A1 war,"45A10 symbols, allegories of war; 'Guerra' (Ripa)",45A2 peace,"45A20 symbols, allegories of peace, 'Pax'; 'Pace' (Ripa)",45A231 blessings of peace,,A31b,http://emblematica.library.illinois.edu/detail/book/A31b
E029614,http://emblematica.library.illinois.edu/detail/emblem/E029614,http://emblemimages.library.illinois.edu/A31b/_access/emblem/E029614.jpg,PAX.,1531,http://emblemimages.library.illinois.edu/A31b/_access/pictura/E029614.jpg,"11A Deity, God (in general) ~ Christian religion",23S14 Rome (one of the four world empires),"25F25(ELEPHANT)(+81) trunked animals: elephant (+ animals used as cattle, livestock)",41B32 torch,43A festivities,"43A(+21) festivities (+ decorated float, wagon ~ festive activities)","45A10 symbols, allegories of war; 'Guerra' (Ripa)",,A31b,http://emblematica.library.illinois.edu/detail/book/A31b
E029685,http://emblematica.library.illinois.edu/detail/emblem/E029685,http://emblemimages.library.illinois.edu/A34a/_access/emblem/E029685.jpg,EX BELLO PAX.,1534,http://emblemimages.library.illinois.edu/A34a/_access/pictura/E029685.jpg,"25F711(BEE)(+53) insects: bee (+ postures, positions of animal(s))",31A22611 blood,45A1 war,"45A10 symbols, allegories of war; 'Guerra' (Ripa)",45A2 peace,"45A20 symbols, allegories of peace, 'Pax'; 'Pace' (Ripa)",45A231 blessings of peace,,A34a,http://emblematica.library.illinois.edu/detail/book/A34a
E029718,http://emblematica.library.illinois.edu/detail/emblem/E029718,http://emblemimages.library.illinois.edu/A34a/_access/emblem/E029718.jpg,PAX.,1534,http://emblemimages.library.illinois.edu/A34a/_access/pictura/E029718.jpg,"11A Deity, God (in general) ~ Christian religion",23S14 Rome (one of the four world empires),"25F25(ELEPHANT)(+81) trunked animals: elephant (+ animals used as cattle, livestock)",41B32 torch,43A festivities,"43A(+21) festivities (+ decorated float, wagon ~ festive activities)","45A10 symbols, allegories of war; 'Guerra' (Ripa)",,A34a,http://emblematica.library.illinois.edu/detail/book/A34a
E029788,http://emblematica.library.illinois.edu/detail/emblem/E029788,http://emblemimages.library.illinois.edu/A34b/_access/emblem/E029788.jpg,Ex bello pax,1534,http://emblemimages.library.illinois.edu/A34b/_access/pictura/E029788.jpg,"25F711(BEE)(+53) insects: bee (+ postures, positions of animal(s))",31A22611 blood,45A1 war,"45A10 symbols, allegories of war; 'Guerra' (Ripa)",45A2 peace,"45A20 symbols, allegories of peace, 'Pax'; 'Pace' (Ripa)",45A231 blessings of peace,,A34b,http://emblematica.library.illinois.edu/detail/book/A34b
E029823,http://emblematica.library.illinois.edu/detail/emblem/E029823,http://emblemimages.library.illinois.edu/A34b/_access/emblem/E029823.jpg,Pax.,1534,http://emblemimages.library.illinois.edu/A34b/_access/pictura/E029823.jpg,"11A Deity, God (in general) ~ Christian religion",23S14 Rome (one of the four world empires),"25F25(ELEPHANT)(+81) trunked animals: elephant (+ animals used as cattle, livestock)",25G3 trees,43A festivities,"43A(+21) festivities (+ decorated float, wagon ~ festive activities)","45A10 symbols, allegories of war; 'Guerra' (Ripa)",,A34b,http://emblematica.library.illinois.edu/detail/book/A34b
E029901,http://emblematica.library.illinois.edu/detail/emblem/E029901,http://emblemimages.library.illinois.edu/A39a/_access/emblem/E029901.jpg,Ex bello pax. De Guerre Paix.,1539,http://emblemimages.library.illinois.edu/A39a/_access/pictura/E029901.jpg,"25F711(BEE)(+53) insects: bee (+ postures, positions of animal(s))",31A22611 blood,45A1 war,"45A10 symbols, allegories of war; 'Guerra' (Ripa)",45A2 peace,"45A20 symbols, allegories of peace, 'Pax'; 'Pace' (Ripa)",45A231 blessings of peace,,A39a,http://emblematica.library.illinois.edu/detail/book/A39a
E029936,http://emblematica.library.illinois.edu/detail/emblem/E029936,http://emblemimages.library.illinois.edu/A39a/_access/emblem/E029936.jpg,Pax. Paix.,1539,http://emblemimages.library.illinois.edu/A39a/_access/pictura/E029936.jpg,"11A Deity, God (in general) ~ Christian religion",23S14 Rome (one of the four world empires),"25F25(ELEPHANT)(+81) trunked animals: elephant (+ animals used as cattle, livestock)",25G3 trees,43A festivities,"43A(+21) festivities (+ decorated float, wagon ~ festive activities)","45A10 symbols, allegories of war; 'Guerra' (Ripa)",,A39a,http://emblematica.library.illinois.edu/detail/book/A39a
E030014,http://emblematica.library.illinois.edu/detail/emblem/E030014,http://emblemimages.library.illinois.edu/A42a/_access/emblem/E030014.jpg,Ex bello pax. De Guerre Paix.,1542,http://emblemimages.library.illinois.edu/A42a/_access/pictura/E030014.jpg,"25F711(BEE)(+53) insects: bee (+ postures, positions of animal(s))",31A22611 blood,45A1 war,"45A10 symbols, allegories of war; 'Guerra' (Ripa)",45A2 peace,"45A20 symbols, allegories of peace, 'Pax'; 'Pace' (Ripa)",45A231 blessings of peace,,A42a,http://emblematica.library.illinois.edu/detail/book/A42a
E030049,http://emblematica.library.illinois.edu/detail/emblem/E030049,http://emblemimages.library.illinois.edu/A42a/_access/emblem/E030049.jpg,Pax. Paix.,1542,http://emblemimages.library.illinois.edu/A42a/_access/pictura/E030049.jpg,"11A Deity, God (in general) ~ Christian religion",23S14 Rome (one of the four world empires),"25F25(ELEPHANT)(+81) trunked animals: elephant (+ animals used as cattle, livestock)",25G3 trees,43A festivities,"43A(+21) festivities (+ decorated float, wagon ~ festive activities)","45A10 symbols, allegories of war; 'Guerra' (Ripa)",,A42a,http://emblematica.library.illinois.edu/detail/book/A42a
E030129,http://emblematica.library.illinois.edu/detail/emblem/E030129,http://emblemimages.library.illinois.edu/A42b/_access/emblem/E030129.jpg,Ex bello pax. Frid auß krieg.,1542,http://emblemimages.library.illinois.edu/A42b/_access/pictura/E030129.jpg,"25F711(BEE)(+53) insects: bee (+ postures, positions of animal(s))",31A22611 blood,45A1 war,"45A10 symbols, allegories of war; 'Guerra' (Ripa)",45A2 peace,"45A20 symbols, allegories of peace, 'Pax'; 'Pace' (Ripa)",45A231 blessings of peace,,A42b,http://emblematica.library.illinois.edu/detail/book/A42b
E030164,http://emblematica.library.illinois.edu/detail/emblem/E030164,http://emblemimages.library.illinois.edu/A42b/_access/emblem/E030164.jpg,Pax. Frid.,1542,http://emblemimages.library.illinois.edu/A42b/_access/pictura/E030164.jpg,"11A Deity, God (in general) ~ Christian religion",23S14 Rome (one of the four world empires),"25F25(ELEPHANT)(+81) trunked animals: elephant (+ animals used as cattle, livestock)",25G3 trees,43A festivities,"43A(+21) festivities (+ decorated float, wagon ~ festive activities)","45A10 symbols, allegories of war; 'Guerra' (Ripa)",,A42b,http://emblematica.library.illinois.edu/detail/book/A42b
E030330,http://emblematica.library.illinois.edu/detail/emblem/E030330,http://emblemimages.library.illinois.edu/A49a/_access/emblem/E030330.jpg,Que tras la guerra viene la paz.,1549,http://emblemimages.library.illinois.edu/A49a/_access/pictura/E030330.jpg,"22D1 loud sound, noise","25F711(BEE)(+53) insects: bee (+ postures, positions of animal(s))",25G13 groups of plants (herbs),"25H1124 boulder, stone",25H113 (high) hill,31A22611 blood,45A1 war,,A49a,http://emblematica.library.illinois.edu/detail/book/A49a
E030365,http://emblematica.library.illinois.edu/detail/emblem/E030365,http://emblemimages.library.illinois.edu/A49a/_access/emblem/E030365.jpg,La paz.,1549,http://emblemimages.library.illinois.edu/A49a/_access/pictura/E030365.jpg,11P the Church (as institution),23S14 Rome (one of the four world empires),"25F25(ELEPHANT)(+81) trunked animals: elephant (+ animals used as cattle, livestock)",31A2352 sitting on an elevation,31A244 head bent forward; bowing,31A247 looking over the shoulder,31A2511(+933) arm raised upward (+ holding something),,A49a,http://emblematica.library.illinois.edu/detail/book/A49a
E030670,http://emblematica.library.illinois.edu/detail/emblem/E030670,http://emblemimages.library.illinois.edu/A50a/_access/emblem/E030670.jpg,PAX,1550,http://emblemimages.library.illinois.edu/A50a/_access/pictura/E030670.jpg,23S14 Rome (one of the four world empires),"25F25(ELEPHANT)(+81) trunked animals: elephant (+ animals used as cattle, livestock)",31A2352 sitting on an elevation,31A244 head bent forward; bowing,31A247 looking over the shoulder,31A2511(+933) arm raised upward (+ holding something),31A2512(+933) arm stretched forward (+ holding something),,A50a,http://emblematica.library.illinois.edu/detail/book/A50a
E030671,http://emblematica.library.illinois.edu/detail/emblem/E030671,http://emblemimages.library.illinois.edu/A50a/_access/emblem/E030671.jpg,Ex bello pax.,1550,http://emblemimages.library.illinois.edu/A50a/_access/pictura/E030671.jpg,"25F711(BEE)(+53) insects: bee (+ postures, positions of animal(s))",25G13 groups of plants (herbs),"25H1124 boulder, stone",25H113 (high) hill,31A22611 blood,45A1 war,"45A10 symbols, allegories of war; 'Guerra' (Ripa)",,A50a,http://emblematica.library.illinois.edu/detail/book/A50a
E030881,http://emblematica.library.illinois.edu/detail/emblem/E030881,http://emblemimages.library.illinois.edu/A51a/_access/emblem/E030881.jpg,PAX.,1551,http://emblemimages.library.illinois.edu/A51a/_access/pictura/E030881.jpg,23S14 Rome (one of the four world empires),"25F25(ELEPHANT)(+81) trunked animals: elephant (+ animals used as cattle, livestock)",31A2352 sitting on an elevation,31A244 head bent forward; bowing,31A247 looking over the shoulder,31A2511(+933) arm raised upward (+ holding something),31A2512(+933) arm stretched forward (+ holding something),,A51a,http://emblematica.library.illinois.edu/detail/book/A51a
E030882,http://emblematica.library.illinois.edu/detail/emblem/E030882,http://emblemimages.library.illinois.edu/A51a/_access/emblem/E030882.jpg,Ex bello pax.,1551,http://emblemimages.library.illinois.edu/A51a/_access/pictura/E030882.jpg,"25F711(BEE)(+53) insects: bee (+ postures, positions of animal(s))",25G13 groups of plants (herbs),"25H1124 boulder, stone",25H113 (high) hill,31A22611 blood,45A1 war,"45A10 symbols, allegories of war; 'Guerra' (Ripa)",,A51a,http://emblematica.library.illinois.edu/detail/book/A51a
E030961,http://emblematica.library.illinois.edu/detail/emblem/E030961,http://emblemimages.library.illinois.edu/A56a/_access/emblem/E030961.jpg,Ex bello pax.,1556,http://emblemimages.library.illinois.edu/A56a/_access/pictura/E030961.jpg,"25F711(BEE)(+53) insects: bee (+ postures, positions of animal(s))",31A22611 blood,45A1 war,"45A10 symbols, allegories of war; 'Guerra' (Ripa)",45A2 peace,"45A20 symbols, allegories of peace, 'Pax'; 'Pace' (Ripa)",45A231 blessings of peace,,A56a,http://emblematica.library.illinois.edu/detail/book/A56a
E030996,http://emblematica.library.illinois.edu/detail/emblem/E030996,http://emblemimages.library.illinois.edu/A56a/_access/emblem/E030996.jpg,Pax.,1556,http://emblemimages.library.illinois.edu/A56a/_access/pictura/E030996.jpg,"11A Deity, God (in general) ~ Christian religion","25F25(ELEPHANT)(+81) trunked animals: elephant (+ animals used as cattle, livestock)",26A clouds,31A2511(+933) arm raised upward (+ holding something),31A2515(+933) arm held downwards (+ holding something),31A2746 breaking something,31D14 adult man,,A56a,http://emblematica.library.illinois.edu/detail/book/A56a
E031281,http://emblematica.library.illinois.edu/detail/emblem/E031281,http://emblemimages.library.illinois.edu/A58a/_access/emblem/E031281.jpg,PAIX.,1558,http://emblemimages.library.illinois.edu/A58a/_access/pictura/E031281.jpg,23S14 Rome (one of the four world empires),"25F25(ELEPHANT)(+81) trunked animals: elephant (+ animals used as cattle, livestock)",31A2352 sitting on an elevation,31A244 head bent forward; bowing,31A247 looking over the shoulder,31A2511(+933) arm raised upward (+ holding something),31A2512(+933) arm stretched forward (+ holding something),,A58a,http://emblematica.library.illinois.edu/detail/book/A58a
E031282,http://emblematica.library.illinois.edu/detail/emblem/E031282,http://emblemimages.library.illinois.edu/A58a/_access/emblem/E031282.jpg,De guerre Paix.,1558,http://emblemimages.library.illinois.edu/A58a/_access/pictura/E031282.jpg,"25F711(BEE)(+53) insects: bee (+ postures, positions of animal(s))",25G13 groups of plants (herbs),"25H1124 boulder, stone",25H113 (high) hill,31A22611 blood,45A1 war,"45A10 symbols, allegories of war; 'Guerra' (Ripa)",,A58a,http://emblematica.library.illinois.edu/detail/book/A58a
E031468,http://emblematica.library.illinois.edu/detail/emblem/E031468,http://emblemimages.library.illinois.edu/A67a/_access/emblem/E031468.jpg,Pax. Frid.,1566,http://emblemimages.library.illinois.edu/A67a/_access/pictura/E031468.jpg,23S14 Rome (one of the four world empires),"25F25(ELEPHANT)(+81) trunked animals: elephant (+ animals used as cattle, livestock)","25G3(+21) trees (+ stem, trunk)",26A clouds,31A2352 sitting on an elevation,31A2512(+933) arm stretched forward (+ holding something),31A2516(+933) arm or hand held in front of the body (+ holding something),,A67a,http://emblematica.library.illinois.edu/detail/book/A67a
E031469,http://emblematica.library.illinois.edu/detail/emblem/E031469,http://emblemimages.library.illinois.edu/A67a/_access/emblem/E031469.jpg,Ex bello pax. Auß Krieg frid.,1566,http://emblemimages.library.illinois.edu/A67a/_access/pictura/E031469.jpg,"25F711(BEE)(+53) insects: bee (+ postures, positions of animal(s))",25H114 low hill country,31A22611 blood,45A1 war,"45A10 symbols, allegories of war; 'Guerra' (Ripa)",45A2 peace,"45A20 symbols, allegories of peace, 'Pax'; 'Pace' (Ripa)",,A67a,http://emblematica.library.illinois.edu/detail/book/A67a
E031704,http://emblematica.library.illinois.edu/detail/emblem/E031704,http://emblemimages.library.illinois.edu/A91a/_access/emblem/E031704.jpg,Pax.,1591,http://emblemimages.library.illinois.edu/A91a/_access/pictura/E031704.jpg,23S14 Rome (one of the four world empires),"25F(+5227) animals (+ animal trampling, treading, stamping on someone or something)","25F25(ELEPHANT)(+81) trunked animals: elephant (+ animals used as cattle, livestock)",25H114 low hill country,26A clouds,31A2513(+933) arm stretched sidewards (+ holding something),31D14 adult man,,A91a,http://emblematica.library.illinois.edu/detail/book/A91a
E031705,http://emblematica.library.illinois.edu/detail/emblem/E031705,http://emblemimages.library.illinois.edu/A91a/_access/emblem/E031705.jpg,Ex bello pax.,1591,http://emblemimages.library.illinois.edu/A91a/_access/pictura/E031705.jpg,"25F711(BEE)(+53) insects: bee (+ postures, positions of animal(s))",31A22611 blood,45A1 war,"45A10 symbols, allegories of war; 'Guerra' (Ripa)",45A2 peace,"45A20 symbols, allegories of peace, 'Pax'; 'Pace' (Ripa)",45A231 blessings of peace,,A91a,http://emblematica.library.illinois.edu/detail/book/A91a
E031892,http://emblematica.library.illinois.edu/detail/emblem/E031892,http://emblemimages.library.illinois.edu/ALCa/_access/emblem/E031892.jpg,PACE.,1551,http://emblemimages.library.illinois.edu/ALCa/_access/pictura/E031892.jpg,"25F25(ELEPHANT)(+81) trunked animals: elephant (+ animals used as cattle, livestock)",31A2352 sitting on an elevation,31A244 head bent forward; bowing,31A247 looking over the shoulder,31A2511(+933) arm raised upward (+ holding something),31A2512(+933) arm stretched forward (+ holding something),31A2513(+933) arm stretched sidewards (+ holding something),,ALCa,http://emblematica.library.illinois.edu/detail/book/ALCa
E031893,http://emblematica.library.illinois.edu/detail/emblem/E031893,http://emblemimages.library.illinois.edu/ALCa/_access/emblem/E031893.jpg,Che dalla guerra procede la pace.,1551,http://emblemimages.library.illinois.edu/ALCa/_access/pictura/E031893.jpg,"25F711(BEE)(+53) insects: bee (+ postures, positions of animal(s))",25G13 groups of plants (herbs),"25H1124 boulder, stone",25H113 (high) hill,31A22611 blood,45A1 war,"45A10 symbols, allegories of war; 'Guerra' (Ripa)",,ALCa,http://emblematica.library.illinois.edu/detail/book/ALCa
E031964,http://emblematica.library.illinois.edu/detail/emblem/E031964,http://emblemimages.library.illinois.edu/FALa/_access/emblem/E031964.jpg,Ex bello pax De Guerre Paix.,1536,http://emblemimages.library.illinois.edu/FALa/_access/pictura/E031964.jpg,"25F711(BEE)(+53) insects: bee (+ postures, positions of animal(s))",31A22611 blood,45A1 war,"45A10 symbols, allegories of war; 'Guerra' (Ripa)",45A2 peace,"45A20 symbols, allegories of peace, 'Pax'; 'Pace' (Ripa)",45A231 blessings of peace,,FALa,http://emblematica.library.illinois.edu/detail/book/FALa
E031999,http://emblematica.library.illinois.edu/detail/emblem/E031999,http://emblemimages.library.illinois.edu/FALa/_access/emblem/E031999.jpg,Pax. Paix.,1536,http://emblemimages.library.illinois.edu/FALa/_access/pictura/E031999.jpg,"11A Deity, God (in general) ~ Christian religion",23S14 Rome (one of the four world empires),"25F25(ELEPHANT)(+81) trunked animals: elephant (+ animals used as cattle, livestock)",25G3 trees,43A festivities,"43A(+21) festivities (+ decorated float, wagon ~ festive activities)","45A10 symbols, allegories of war; 'Guerra' (Ripa)",,FALa,http://emblematica.library.illinois.edu/detail/book/FALa
E032198,http://emblematica.library.illinois.edu/detail/emblem/E032198,http://emblemimages.library.illinois.edu/FALb/_access/emblem/E032198.jpg,Paix,1549,http://emblemimages.library.illinois.edu/FALb/_access/pictura/E032198.jpg,23S14 Rome (one of the four world empires),"25F25(ELEPHANT)(+81) trunked animals: elephant (+ animals used as cattle, livestock)",31A2352 sitting on an elevation,31A244 head bent forward; bowing,31A247 looking over the shoulder,31A2511(+933) arm raised upward (+ holding something),31A2512(+933) arm stretched forward (+ holding something),,FALb,http://emblematica.library.illinois.edu/detail/book/FALb
E032199,http://emblematica.library.illinois.edu/detail/emblem/E032199,http://emblemimages.library.illinois.edu/FALb/_access/emblem/E032199.jpg,De guerre Paix.,1549,http://emblemimages.library.illinois.edu/FALb/_access/pictura/E032199.jpg,"25F711(BEE)(+53) insects: bee (+ postures, positions of animal(s))",25G13 groups of plants (herbs),"25H1124 boulder, stone",25H113 (high) hill,31A22611 blood,45A1 war,"45A10 symbols, allegories of war; 'Guerra' (Ripa)",,FALb,http://emblematica.library.illinois.edu/detail/book/FALb
E032489,http://emblematica.library.illinois.edu/detail/emblem/E032489,http://emblemimages.library.illinois.edu/FALd/_access/emblem/E032489.jpg,De Guerre Paix.,1615,http://emblemimages.library.illinois.edu/FALd/_access/pictura/E032489.jpg,"25F711(BEE)(+53) insects: bee (+ postures, positions of animal(s))",31A22611 blood,45A1 war,"45A10 symbols, allegories of war; 'Guerra' (Ripa)",45A2 peace,"45A20 symbols, allegories of peace, 'Pax'; 'Pace' (Ripa)",45A231 blessings of peace,,FALd,http://emblematica.library.illinois.edu/detail/book/FALd
E032524,http://emblematica.library.illinois.edu/detail/emblem/E032524,http://emblemimages.library.illinois.edu/FALd/_access/emblem/E032524.jpg,Paix.,1615,http://emblemimages.library.illinois.edu/FALd/_access/pictura/E032524.jpg,"11A Deity, God (in general) ~ Christian religion","25F25(ELEPHANT)(+81) trunked animals: elephant (+ animals used as cattle, livestock)",26A clouds,31A2511(+933) arm raised upward (+ holding something),31A2515(+933) arm held downwards (+ holding something),31A2746 breaking something,31D14 adult man,,FALd,http://emblematica.library.illinois.edu/detail/book/FALd
E033212,http://emblematica.library.illinois.edu/detail/emblem/E033212,http://emblemimages.library.illinois.edu/57042755X/_access/emblem/E033212.jpg,Fera nuncia martis. Meliori pervia causae. Monstra furoris. Tranquilla pace fruamur! Flammis hostibus ardet.,1642,http://emblemimages.library.illinois.edu/57042755X/_access/pictura/E033212.jpg,,"45A10 symbols, allegories of war; 'Guerra' (Ripa)","45A20 symbols, allegories of peace, 'Pax'; 'Pace' (Ripa)",25G3(PALM-TREE) trees: palm-tree,25C11 eruption (of volcano),51G5 Visibility,"56F11 Ambition; 'Ambitione', 'Amor di Fama' (Ripa)",,57042755X,http://emblematica.library.illinois.edu/detail/book/57042755X
E033213,http://emblematica.library.illinois.edu/detail/emblem/E033213,http://emblemimages.library.illinois.edu/57042755X/_access/emblem/E033213.jpg,Discrimine nullo. Indulgere iuvat. Res incognita saeclis. Patiantur saeva quietem. Lacrimosave gaudia miscent.,1642,http://emblemimages.library.illinois.edu/57042755X/_access/pictura/E033213.jpg,"86(DISCRIMINE NULLO. INDULGERE IUVAT. RES INCOGNITA SAECLIS. PATIANTUR SAEVA QUIETEM. LACRIMOSAVE GAUDIA MISCENT) proverbs, sayings, etc. (DISCRIMINE NULLO. INDULGERE IUVAT. RES INCOGNITA SAECLIS. PATIANTUR SAEVA QUIETEM. LACRIMOSAVE GAUDIA MISCENT)","45A10 symbols, allegories of war; 'Guerra' (Ripa)","45A20 symbols, allegories of peace, 'Pax'; 'Pace' (Ripa)",25G3(PALM-TREE) trees: palm-tree,11Q71441 chalice,41B121 flame,"11M31 Faith, 'Fides'; 'Fede', 'Fede catholica', 'Fede christiana', 'Fede christiana catholica' (Ripa) ~ one of the Three Theological Virtues",,57042755X,http://emblematica.library.illinois.edu/detail/book/57042755X
E033214,http://emblematica.library.illinois.edu/detail/emblem/E033214,http://emblemimages.library.illinois.edu/57042755X/_access/emblem/E033214.jpg,"Concordia fati. Satiata ruinis. Revocabile damnum. Peragit tranquilla potestestas, quod violenta nequit.",1642,http://emblemimages.library.illinois.edu/57042755X/_access/pictura/E033214.jpg,"86(CONCORDIA FATI. SATIATA RUINIS CLASSICA. REVOCABILE DAMNUM. PERAGIT TRANQUILLA POTESTESTAS, QUOD VIOLENTA NEQUIT) proverbs, sayings, etc. (CONCORDIA FATI. SATIATA RUINIS CLASSICA. REVOCABILE DAMNUM. PERAGIT TRANQUILLA POTESTESTAS, QUOD VIOLENTA NEQUIT)","45A10 symbols, allegories of war; 'Guerra' (Ripa)","45A20 symbols, allegories of peace, 'Pax'; 'Pace' (Ripa)",25G3(PALM-TREE) trees: palm-tree,12F62 altar ~ Roman religion,"92C579 (story of) Vesta (Hestia) - veneration, honoured by",44B10 virtues of the ruler,,57042755X,http://emblematica.library.illinois.edu/detail/book/57042755X
E033215,http://emblematica.library.illinois.edu/detail/emblem/E033215,http://emblemimages.library.illinois.edu/57042755X/_access/emblem/E033215.jpg,Decrescere lilia vidi. Inveniet virtute viam. Venturae nuncia mortis. Mitribus arbitriis. Laudibis innumeris.,1642,http://emblemimages.library.illinois.edu/57042755X/_access/pictura/E033215.jpg,"86(DECRESCERE LILIA VIDI. INVENIET VIRTUTE VIAM. VENTURAE NUNCIA MORTIS. MITRIBUS ARBITRIIS. LAUDIBIS INNUMERIS) proverbs, sayings, etc. (DECRESCERE LILIA VIDI. INVENIET VIRTUTE VIAM. VENTURAE NUNCIA MORTIS. MITRIBUS ARBITRIIS. LAUDIBIS INNUMERIS)","45A10 symbols, allegories of war; 'Guerra' (Ripa)","45A20 symbols, allegories of peace, 'Pax'; 'Pace' (Ripa)",25G3(PALM-TREE) trees: palm-tree,"43A44 bonfire, fire-works",48A98331 fleur-de-lis ~ ornament,"56F11 Ambition; 'Ambitione', 'Amor di Fama' (Ripa)",,57042755X,http://emblematica.library.illinois.edu/detail/book/57042755X
E033216,http://emblematica.library.illinois.edu/detail/emblem/E033216,http://emblemimages.library.illinois.edu/57042755X/_access/emblem/E033216.jpg,Sarmaticis custodia ripis. Hostes punire solet. Aquilas comitantur euntes. Flammeus imber in hostes. Haud furiis concedimus orbem.,1642,http://emblemimages.library.illinois.edu/57042755X/_access/pictura/E033216.jpg,"86(SARMATICIS CUSTODIA RIPIS. HOSTES PUNIRE SOLET. AQUILAS COMITANTUR EUNTES. FLAMMEUS IMBER IN HOSTES. HAUD FURIIS CONCEDIMUS ORBEM) proverbs, sayings, etc. (SARMATICIS CUSTODIA RIPIS. HOSTES PUNIRE SOLET. AQUILAS COMITANTUR EUNTES. FLAMMEUS IMBER IN HOSTES. HAUD FURIIS CONCEDIMUS ORBEM)","45A10 symbols, allegories of war; 'Guerra' (Ripa)","45A20 symbols, allegories of peace, 'Pax'; 'Pace' (Ripa)",25G3(PALM-TREE) trees: palm-tree,"44A3 flag, colours (as symbol of the state, etc.)","24A6 sun represented as face, wheel, etc.","41B4 on fire, ablaze",,57042755X,http://emblematica.library.illinois.edu/detail/book/57042755X
E033217,http://emblematica.library.illinois.edu/detail/emblem/E033217,http://emblemimages.library.illinois.edu/57042755X/_access/emblem/E033217.jpg,Cum bella fremunt. Lux redditur orbi. Ornamenta dabunt. Vindictam monstrasse satis. Pacem pro monere dabunt.,1642,http://emblemimages.library.illinois.edu/57042755X/_access/pictura/E033217.jpg,"86(CUM BELLA FREMUNT. LUX REDDITUR ORBI. ORNAMENTA DABUNT. VINDICTAM MONSTRASSE SATIS. PACEM PRO MONERE DABUNT) proverbs, sayings, etc. (CUM BELLA FREMUNT. LUX REDDITUR ORBI. ORNAMENTA DABUNT. VINDICTAM MONSTRASSE SATIS. PACEM PRO MONERE DABUNT)","45A10 symbols, allegories of war; 'Guerra' (Ripa)","45A20 symbols, allegories of peace, 'Pax'; 'Pace' (Ripa)",25G3(PALM-TREE) trees: palm-tree,"41B313(+1) candlestick (+ kindling a light; lit, burning light, lamp, candle)","41B32(+1) torch (+ kindling a light; lit, burning light, lamp, candle)","54E1 Co-operation, Association",,57042755X,http://emblematica.library.illinois.edu/detail/book/57042755X
E047972,http://emblematica.library.illinois.edu/detail/emblem/E047972,http://emblemimages.library.illinois.edu/373960859/_access/emblem/E047972.jpg,"Weh der Statt, Weh, Mord darzu, wo man höret Kriegs unruh.",1692,http://emblemimages.library.illinois.edu/373960859/_access/pictura/E047972.jpg,"86(WEH DER STATT, WEH, MORD DARZU, WO MAN HÖRET KRIEGS UNRUH) proverbs, sayings, etc. (WEH DER STATT, WEH, MORD DARZU, WO MAN HÖRET KRIEGS UNRUH)",71O811 announcement of the fall of Nineveh ~ prophecy of Nahum,25I1 city-view in general; 'veduta',"44G321(SCOURGE) instruments of torture, execution or punishment: scourge",46C19 wheel (of vehicle),46C13141 horse,"45E31 ancient forms of military vehicles: chariot, battle wagon, etc.",,373960859,http://emblematica.library.illinois.edu/detail/book/373960859
E048799,http://emblematica.library.illinois.edu/detail/emblem/E048799,http://emblemimages.library.illinois.edu/379509814/_access/emblem/E048799.jpg,,1588,http://emblemimages.library.illinois.edu/379509814/_access/pictura/E048799.jpg,"41C322 mug, beaker, goblet","25G41(LILY)(+32) flowers: lily (+ flowers, blossom, blossoming)",45C13(SWORD) hacking and thrusting weapons: sword,45H34 single combat in place of battle,11N31 Pride; 'Superbia' (Ripa) ~ personification of one of the Seven Deadly Sins,11N34 Covetousness; 'Avaritia' (Ripa) ~ personification of one of the Seven Deadly Sins,51D42 Splendour,,379509814,http://emblematica.library.illinois.edu/detail/book/379509814
E050519,http://emblematica.library.illinois.edu/detail/emblem/E050519,http://emblemimages.library.illinois.edu/872516830/_access/emblem/E050519.jpg,Wer dieses nimt in acht.,1643,http://emblemimages.library.illinois.edu/872516830/_access/pictura/E050519.jpg,"86(WER DIESES NIMT IN ACHT) proverbs, sayings, etc. (WER DIESES NIMT IN ACHT)","86(UND ALSO HELT DIE WACHT) proverbs, sayings, etc. (UND ALSO HELT DIE WACHT)","86(THUT ALLES MIT BEDACHT) proverbs, sayings, etc. (THUT ALLES MIT BEDACHT)",41A711 table,49MM32 book - MM - book open,49M32 book,46B3311 scales,,872516830,http://emblematica.library.illinois.edu/detail/book/872516830
E050525,http://emblematica.library.illinois.edu/detail/emblem/E050525,http://emblemimages.library.illinois.edu/872516830/_access/emblem/E050525.jpg,Den mund schleus zu.,1643,http://emblemimages.library.illinois.edu/872516830/_access/pictura/E050525.jpg,"86(DEN MUND SCHLEUS ZU) proverbs, sayings, etc. (DEN MUND SCHLEUS ZU)","86(DIE ZUNG BIND DU) proverbs, sayings, etc. (DIE ZUNG BIND DU)","86(KOMMT FRIED UND RUH) proverbs, sayings, etc. (KOMMT FRIED UND RUH)",31D14(+53) adult man (+ sitting),"31B623591 putting a finger to the lips, 'Silentium'; 'Silentio' (Ripa)","52DD3 Taciturnity; 'Secretezza', 'Secretezza overo Taciturnità' (Ripa)",54F14 Advantage,,872516830,http://emblematica.library.illinois.edu/detail/book/872516830
E050539,http://emblematica.library.illinois.edu/detail/emblem/E050539,http://emblemimages.library.illinois.edu/872516830/_access/emblem/E050539.jpg,Fried uns erhelt.,1643,http://emblemimages.library.illinois.edu/872516830/_access/pictura/E050539.jpg,"86(FRIED UNS ERHELT) proverbs, sayings, etc. (FRIED UNS ERHELT)","86(UNFRIED UNS STELLT) proverbs, sayings, etc. (UNFRIED UNS STELLT)","86(BLEIB IM GEZELT) proverbs, sayings, etc. (BLEIB IM GEZELT)","31A25431 three or more clasped hands, meaning 'Unity is Strength'","25H1121 mountain-top, peak","45A20 symbols, allegories of peace, 'Pax'; 'Pace' (Ripa)",57A62 Fidelity; 'Fedeltà' (Ripa),,872516830,http://emblematica.library.illinois.edu/detail/book/872516830
E050541,http://emblematica.library.illinois.edu/detail/emblem/E050541,http://emblemimages.library.illinois.edu/872516830/_access/emblem/E050541.jpg,So rüst' ich mich.,1643,http://emblemimages.library.illinois.edu/872516830/_access/pictura/E050541.jpg,"86(SO RÜST' ICH MICH) proverbs, sayings, etc. (SO RÜST' ICH MICH)","86(MICH ALSO ICH) proverbs, sayings, etc. (MICH ALSO ICH)","86(ICH RITTERLICH) proverbs, sayings, etc. (ICH RITTERLICH)",46A124 knight,45C11(SPEAR) casting weapons: spear,54D1 Preparation,"45A10 symbols, allegories of war; 'Guerra' (Ripa)",,872516830,http://emblematica.library.illinois.edu/detail/book/872516830
E051589,http://emblematica.library.illinois.edu/detail/emblem/E051589,http://emblemimages.library.illinois.edu/537816240/_access/emblem/E051589.jpg,"Der Dreyen Eines., Der Bedeutende.",1646,http://emblemimages.library.illinois.edu/537816240/_access/pictura/E051589.jpg,"86(DER DREYEN EINES., DER BEDEUTENDE) proverbs, sayings, etc. (DER DREYEN EINES., DER BEDEUTENDE)","25I22 prospect of village, silhouette of village",25G3(OAK) trees: oak,25G21(OAK APPLE) fruits (OAK APPLE),"61B2(BERCHEN, Ernst von)3 historical person (BERCHEN, Ernst von) - other representations to which the NAME of a historical person may be attached (BERCHEN, Ernst von)",25F713(+1) spiders (+ animals used symbolically),25F711(FLY)(+1) insects: fly (+ animals used symbolically),,537816240,http://emblematica.library.illinois.edu/detail/book/537816240